timestamp,pose.x,pose.y
2310821,0.07726071774959564,0.08804615586996078
2310841,0.07473469525575638,0.08663950115442276
2310861,0.07357224076986313,0.08550017327070236
2310881,0.07324177771806717,0.08910799771547318
2310901,0.07475166022777557,0.08739392459392548
2310921,0.07556192576885223,0.08699432760477066
2310941,0.07577427476644516,0.08675140142440796
2310961,0.07749708741903305,0.0844072625041008
2310981,0.07995113730430603,0.08332671225070953
2311001,0.07997728139162064,0.08447406440973282
2311021,0.0816580206155777,0.08485817164182663
2311041,0.08186329156160355,0.08185829222202301
2311061,0.08136184513568878,0.0794844776391983
2311081,0.0849502831697464,0.07969507575035095
2311101,0.08157745748758316,0.08075908571481705
2311121,0.08075565844774246,0.07792845368385315
2311141,0.08167962729930878,0.07906211912631989
2311161,0.07705827057361603,0.07923448830842972
2311181,0.07896573096513748,0.07756560295820236
2311201,0.07549437880516052,0.0791672095656395
2311221,0.07806790620088577,0.07942888885736465
2311241,0.07854418456554413,0.07953480631113052
2311261,0.07815305143594742,0.08070497959852219
2311281,0.08455273509025574,0.07986806333065033
2311301,0.08720014989376068,0.08263241499662399
2311321,0.08862541615962982,0.08184680342674255
2311341,0.08830973505973816,0.08494450896978378
2311361,0.08608929812908173,0.08608193695545197
2311381,0.08607284724712372,0.08517663925886154
2311401,0.09106315672397614,0.08497593551874161
2311421,0.09002438932657242,0.08348003029823303
2311441,0.08848408609628677,0.08289735019207001
2311461,0.09074318408966064,0.08228229731321335
2311481,0.0897829532623291,0.07844655960798264
2311501,0.0881040170788765,0.0761856809258461
2311521,0.08534947037696838,0.07640542089939117
2311541,0.08246851712465286,0.07837509363889694
2311561,0.08237185329198837,0.08228141069412231
2311581,0.08398567885160446,0.08557435870170593
2311601,0.08908874541521072,0.0879509225487709
2311621,0.08770224452018738,0.0893755704164505
2311641,0.08457530289888382,0.089114710688591
2311661,0.08510879427194595,0.09012073278427124
2311681,0.08737067133188248,0.088109090924263
2311701,0.09025879949331284,0.08552250266075134
2311721,0.0881531611084938,0.08569931238889694
2311741,0.08371537923812866,0.08511010557413101
2311761,0.07883051782846451,0.08599884063005447
2311781,0.07711885124444962,0.08684051781892776
2311801,0.07459703087806702,0.08462433516979218
2311821,0.08145017176866531,0.08331771194934845
2311841,0.07820311188697815,0.08460969477891922
2311861,0.07896238565444946,0.08338697254657745
2311881,0.08004628121852875,0.08449968695640564
2311901,0.07861712574958801,0.08343850821256638
2311921,0.07701461017131805,0.08085936307907104
2311941,0.07398762553930283,0.08283215016126633
2311961,0.06938495486974716,0.08332318812608719
2311981,0.06548238545656204,0.08530919253826141
2312001,0.07154213637113571,0.08488086611032486
2312021,0.0750463679432869,0.08321470022201538
2312041,0.07499390095472336,0.084382563829422
2312061,0.0757325291633606,0.08510418236255646
2312081,0.07540182024240494,0.0875876396894455
2312101,0.07293646782636642,0.08838585019111633
2312121,0.07382997125387192,0.08811739087104797
2312141,0.07835178077220917,0.08915414661169052
2312161,0.07790017127990723,0.08850730210542679
2312181,0.07847937196493149,0.08860015869140625
2312201,0.07670464366674423,0.08913634717464447
2312221,0.072689950466156,0.0880218893289566
2312241,0.06938844919204712,0.08600915223360062
2312261,0.06720507889986038,0.08615780621767044
2312281,0.07010677456855774,0.08624259382486343
2312301,0.06782202422618866,0.08789569139480591
2312321,0.07006771862506866,0.08517853915691376
2312341,0.07315893471240997,0.08366072177886963
2312361,0.07043833285570145,0.08653205633163452
2312381,0.06774753332138062,0.08500263094902039
2312401,0.06597462296485901,0.08259663730859756
2312421,0.06274405866861343,0.08629022538661957
2312441,0.0654955506324768,0.08168204128742218
2312461,0.062392257153987885,0.08431403338909149
2312481,0.06216173246502876,0.08624928444623947
2312501,0.06501872092485428,0.08835310488939285
2312521,0.06381982564926147,0.08700187504291534
2312541,0.06293059140443802,0.08425137400627136
2312561,0.06935182958841324,0.08513110876083374
2312581,0.06984468549489975,0.0833694189786911
2312601,0.06736569851636887,0.08460494875907898
2312621,0.06621786206960678,0.08396607637405396
2312641,0.06212746351957321,0.08265920728445053
2312661,0.06168485805392265,0.08264219760894775
2312681,0.05755331739783287,0.08180895447731018
2312701,0.05747668817639351,0.08132508397102356
2312721,0.058994099497795105,0.07888463884592056
2312741,0.06077011302113533,0.07852340489625931
2312761,0.06915028393268585,0.07512255758047104
2312781,0.071393221616745,0.07616864144802094
2312801,0.07053086161613464,0.07565752416849136
2312821,0.07356838881969452,0.07882733643054962
2312841,0.0763857290148735,0.0817384347319603
2312861,0.07574231922626495,0.08439017832279205
2312881,0.0756521224975586,0.08825092017650604
2312901,0.07230077683925629,0.08993634581565857
2312921,0.06929514557123184,0.09066614508628845
2312941,0.0708707794547081,0.09156738221645355
2312961,0.07254302501678467,0.0886148139834404
2312981,0.07342903316020966,0.08817281574010849
2313001,0.07490794360637665,0.08864959329366684
2313021,0.07145898789167404,0.08856140822172165
2313041,0.06928252428770065,0.08992887288331985
2313061,0.07164251804351807,0.08705109357833862
2313081,0.0722285807132721,0.08617408573627472
2313101,0.06712053716182709,0.08924534916877747
2313121,0.06413993239402771,0.08726660162210464
2313141,0.06582240015268326,0.0847831666469574
2313161,0.06342894583940506,0.08532224595546722
2313181,0.0632663369178772,0.08473725616931915
2313201,0.06556891649961472,0.08864106982946396
2313221,0.06524785608053207,0.0867767482995987
2313241,0.06542003899812698,0.08731891959905624
2313261,0.06779518723487854,0.08546067774295807
2313281,0.06907840818166733,0.0845806673169136
2313301,0.06961768865585327,0.08616436272859573
2313321,0.07418566942214966,0.08788364380598068
2313341,0.07534448802471161,0.08799073100090027
2313361,0.07825996726751328,0.08671066910028458
2313381,0.0768502950668335,0.08682866394519806
2313401,0.0799080953001976,0.08726176619529724
2313421,0.08205985277891159,0.09208285063505173
2313441,0.08189862221479416,0.09076335281133652
2313461,0.0799005925655365,0.0913277342915535
2313481,0.07907838374376297,0.09333100914955139
2313501,0.07483072578907013,0.09321580827236176
2313521,0.07132348418235779,0.09309287369251251
2313541,0.07095363736152649,0.09348714351654053
2313561,0.07455644011497498,0.09089068323373795
2313581,0.07536698877811432,0.09087254106998444
2313601,0.07719580084085464,0.08891153335571289
2313621,0.0769810825586319,0.09007175266742706
2313641,0.07762860506772995,0.09008162468671799
2313661,0.07787691801786423,0.08922341465950012
2313681,0.07508207112550735,0.09163523465394974
2313701,0.07321558892726898,0.09146199375391006
2313721,0.07100481539964676,0.09247944504022598
2313741,0.06941632926464081,0.09197477996349335
2313761,0.07065419107675552,0.09169020503759384
2313781,0.07050510495901108,0.09325678646564484
2313801,0.07094235718250275,0.09640156477689743
2313821,0.0752791315317154,0.09355015307664871
2313841,0.07563929259777069,0.09748086333274841
2313861,0.07776991277933121,0.09778539091348648
2313881,0.07965993881225586,0.09811856597661972
2313901,0.08396358788013458,0.09701081365346909
2313921,0.08492745459079742,0.0973585769534111
2313941,0.09007541835308075,0.09972851723432541
2313961,0.08894146978855133,0.10321808606386185
2313981,0.08913622051477432,0.10432856529951096
2314001,0.09151575714349747,0.1032651960849762
2314021,0.09128767997026443,0.10298769921064377
2314041,0.0966331884264946,0.10461442917585373
2314061,0.09678082168102264,0.1024860218167305
2314081,0.09664632380008698,0.10452137142419815
2314101,0.09751331061124802,0.1025281473994255
2314121,0.09497343748807907,0.10009155422449112
2314141,0.08897805958986282,0.10059358179569244
2314161,0.0832410380244255,0.10085207968950272
2314181,0.07845520228147507,0.10188639909029007
2314201,0.08064807951450348,0.10421653091907501
2314221,0.08106281608343124,0.1029190868139267
2314241,0.08580544590950012,0.09972444176673889
2314261,0.08635468780994415,0.10309499502182007
2314281,0.08819102495908737,0.10415441542863846
2314301,0.08681077510118484,0.10353536158800125
2314321,0.08674811571836472,0.10279764980077744
2314341,0.08836361765861511,0.10045406222343445
2314361,0.09101610630750656,0.10094425082206726
2314381,0.08662381023168564,0.10075856745243073
2314401,0.08777015656232834,0.10024303942918777
2314421,0.08283346146345139,0.1006227657198906
2314441,0.0820474848151207,0.09666870534420013
2314461,0.081916943192482,0.09866078943014145
2314481,0.08220769464969635,0.09759906679391861
2314501,0.07923944294452667,0.09755975753068924
2314521,0.08074937760829926,0.09532810747623444
2314541,0.08305644989013672,0.09560953825712204
2314561,0.08637790381908417,0.09103003889322281
2314581,0.08747202157974243,0.0921810194849968
2314601,0.08650883287191391,0.09655329585075378
2314621,0.08058104664087296,0.0941370353102684
2314641,0.07833518832921982,0.09578639268875122
2314661,0.07610970735549927,0.09321638941764832
2314681,0.07430517673492432,0.09443982690572739
2314701,0.07082244008779526,0.09301984310150146
2314721,0.07405494898557663,0.08929623663425446
2314741,0.07487663626670837,0.09021826833486557
2314761,0.07532381266355515,0.08392615616321564
2314781,0.0771712139248848,0.08505363762378693
2314801,0.07829464972019196,0.08054710179567337
2314821,0.08044642955064774,0.08260742574930191
2314841,0.08227244764566422,0.08582507073879242
2314861,0.08395517617464066,0.08632364124059677
2314881,0.08583420515060425,0.08704608678817749
2314901,0.08063432574272156,0.08625580370426178
2314921,0.08173660933971405,0.08566558361053467
2314941,0.08382601290941238,0.08525168895721436
2314961,0.08553444594144821,0.08588603883981705
2314981,0.089021697640419,0.08256707340478897
2315001,0.08817053586244583,0.07991592586040497
2315021,0.08777601271867752,0.08372685313224792
2315041,0.0836106464266777,0.08440045267343521
2315061,0.07705957442522049,0.08392884582281113
2315081,0.07488709688186646,0.08509217202663422
2315101,0.070901058614254,0.08700616657733917
2315121,0.06973277777433395,0.0856410413980484
2315141,0.07173026353120804,0.0883176252245903
2315161,0.07238730043172836,0.08748907595872879
2315181,0.0736512616276741,0.08716735243797302
2315201,0.07953745871782303,0.08420155942440033
2315221,0.08123123645782471,0.08479943871498108
2315241,0.077177032828331,0.08540993928909302
2315261,0.07434000074863434,0.08667821437120438
2315281,0.07184594869613647,0.09006248414516449
2315301,0.07087445259094238,0.08944293856620789
2315321,0.07139008492231369,0.09416520595550537
2315341,0.07279348373413086,0.09387405961751938
2315361,0.07567577064037323,0.0947897881269455
2315381,0.07396157085895538,0.0925319716334343
2315401,0.07908782362937927,0.09071991592645645
2315421,0.08034157007932663,0.09034515917301178
2315441,0.07544908672571182,0.0907941684126854
2315461,0.07209711521863937,0.09066136181354523
2315481,0.06869856268167496,0.09328805655241013
2315501,0.06478559970855713,0.08957799524068832
2315521,0.06205838546156883,0.09083782881498337
2315541,0.0629098042845726,0.08971110731363297
2315561,0.06303324550390244,0.09218372404575348
2315581,0.06306220591068268,0.08977916091680527
2315601,0.06348749995231628,0.08712983131408691
2315621,0.06771682947874069,0.09056901931762695
2315641,0.07270458340644836,0.09126830101013184
2315661,0.07364054769277573,0.0898829996585846
2315681,0.07475899904966354,0.09037002921104431
2315701,0.07288341969251633,0.08695509284734726
2315721,0.07085393369197845,0.08638782799243927
2315741,0.06757607311010361,0.08863300830125809
2315761,0.06607872992753983,0.09055525809526443
2315781,0.06138484925031662,0.09128154069185257
2315801,0.06479249149560928,0.09004055708646774
2315821,0.06618174910545349,0.08810634166002274
2315841,0.07167519629001617,0.08778184652328491
2315861,0.07012390345335007,0.08677332103252411
2315881,0.07110662758350372,0.08533789217472076
2315901,0.0714384987950325,0.08590580523014069
2315921,0.07341556996107101,0.0832371860742569
2315941,0.07703639566898346,0.08200337737798691
2315961,0.07815925031900406,0.08673150092363358
2315981,0.07578721642494202,0.08673130720853806
2316001,0.07609126716852188,0.08536519855260849
2316021,0.07948945462703705,0.08433689177036285
2316041,0.08250442892313004,0.08499731868505478
2316061,0.07927491515874863,0.08481290936470032
2316081,0.08314208686351776,0.08450901508331299
2316101,0.0807957649230957,0.08335954695940018
2316121,0.08136975765228271,0.08596337586641312
2316141,0.0857677161693573,0.08737660199403763
2316161,0.08451153337955475,0.08601981401443481
2316181,0.08546420186758041,0.08532834053039551
2316201,0.08455270528793335,0.08643142133951187
2316221,0.08737299591302872,0.08710480481386185
2316241,0.09064794331789017,0.08166752755641937
2316261,0.09664826095104218,0.08262521773576736
2316281,0.09523812681436539,0.08187724649906158
2316301,0.09003960341215134,0.07921406626701355
2316321,0.08948294073343277,0.07705146074295044
2316341,0.08718329668045044,0.07295991480350494
2316361,0.08448270708322525,0.07583476603031158
2316381,0.0835004523396492,0.07640432566404343
2316401,0.08323301374912262,0.07991085201501846
2316421,0.08637082576751709,0.07866037636995316
2316441,0.08786304295063019,0.07930529117584229
2316461,0.09189270436763763,0.07675030082464218
2316481,0.09189894050359726,0.07860251516103745
2316501,0.09308472275733948,0.08231684565544128
2316521,0.0954849123954773,0.08348502963781357
2316541,0.09258949756622314,0.0832400918006897
2316561,0.09919905662536621,0.08139126002788544
2316581,0.09917570650577545,0.08407921344041824
2316601,0.10083114355802536,0.08236444741487503
2316621,0.10033576190471649,0.08200161159038544
2316641,0.1037650927901268,0.08252011239528656
2316661,0.1044202372431755,0.07917813956737518
2316681,0.1076812818646431,0.08108405768871307
2316701,0.10298483818769455,0.0814538300037384
2316721,0.10406461358070374,0.08279258012771606
2316741,0.10211075842380524,0.08420182019472122
2316761,0.09651290625333786,0.08363384008407593
2316781,0.09420543909072876,0.08614455163478851
2316801,0.08901528269052505,0.08460234105587006
2316821,0.08877638727426529,0.08574189245700836
2316841,0.08733038604259491,0.08504393696784973
2316861,0.08996199071407318,0.08725569397211075
2316881,0.09311982244253159,0.0844390019774437
2316901,0.09337031841278076,0.08641492575407028
2316921,0.09096525609493256,0.0877956748008728
2316941,0.09197478741407394,0.08954915404319763
2316961,0.09217005223035812,0.0918913260102272
2316981,0.09264471381902695,0.09028352797031403
2317001,0.09914319217205048,0.08891846984624863
2317021,0.09782464057207108,0.08764205873012543
2317041,0.09864258766174316,0.08718572556972504
2317061,0.0988076701760292,0.08737106621265411
2317081,0.09513628482818604,0.08503992855548859
2317101,0.10275466740131378,0.08587481081485748
2317121,0.10335732251405716,0.0897345244884491
2317141,0.10261721909046173,0.08944105356931686
2317161,0.1023993268609047,0.08857438713312149
2317181,0.10515723377466202,0.0864456370472908
2317201,0.1024479866027832,0.08569402992725372
2317221,0.09709615260362625,0.09088962525129318
2317241,0.09229705482721329,0.0908992663025856
2317261,0.08788877725601196,0.09149579703807831
2317281,0.08689592778682709,0.09295827895402908
2317301,0.08679892122745514,0.0901670753955841
2317321,0.08417847007513046,0.0929664671421051
2317341,0.084288589656353,0.09463866055011749
2317361,0.08338168263435364,0.09592120349407196
2317381,0.08393710851669312,0.0957639068365097
2317401,0.08421725034713745,0.09673293679952621
2317421,0.0844617709517479,0.09719648212194443
2317441,0.08255848288536072,0.09451370686292648
2317461,0.08013907074928284,0.0937977284193039
2317481,0.07858873903751373,0.09325387328863144
2317501,0.07543923705816269,0.09272682666778564
2317521,0.08102522045373917,0.09523534029722214
2317541,0.07949631661176682,0.0958840548992157
2317561,0.08022837340831757,0.09465052932500839
2317581,0.08041799813508987,0.0939570739865303
2317601,0.07722127437591553,0.09065437316894531
2317621,0.07821349054574966,0.09012528508901596
2317641,0.07663450390100479,0.09303655475378036
2317661,0.07758238911628723,0.0943022295832634
2317681,0.07903514057397842,0.09385200589895248
2317701,0.08017633855342865,0.09236728399991989
2317721,0.0829816535115242,0.08854413777589798
2317741,0.08210235834121704,0.0928172841668129
2317761,0.08184631168842316,0.0918530821800232
2317781,0.08314116299152374,0.09372119605541229
2317801,0.08036556094884872,0.09329498559236526
2317821,0.07657142728567123,0.09435224533081055
2317841,0.08132407069206238,0.0916704460978508
2317861,0.08004621416330338,0.0938677117228508
2317881,0.08114636689424515,0.09175623208284378
2317901,0.08362334966659546,0.09251629561185837
2317921,0.0827459841966629,0.09263744950294495
2317941,0.08810564875602722,0.09049784392118454
2317961,0.08586633950471878,0.08993712067604065
2317981,0.08281530439853668,0.0896492600440979
2318001,0.08470916002988815,0.0883178859949112
2318021,0.08419708907604218,0.0862732082605362
2318041,0.08864794671535492,0.08150368183851242
2318061,0.09039101749658585,0.08097171038389206
2318081,0.08610720932483673,0.08149643987417221
2318101,0.08286938071250916,0.08086978644132614
2318121,0.0803656131029129,0.07965724915266037
2318141,0.0774640366435051,0.08190125226974487
2318161,0.07482079416513443,0.08396235853433609
2318181,0.07428181171417236,0.08299630135297775
2318201,0.07555516064167023,0.08262930810451508
2318221,0.07538625597953796,0.0825771614909172
2318241,0.07432252168655396,0.07960030436515808
2318261,0.07893141359090805,0.08005167543888092
2318281,0.07975231111049652,0.08330591768026352
2318301,0.08158376812934875,0.08154673129320145
2318321,0.08439424633979797,0.08042417466640472
2318341,0.08307935297489166,0.07895578444004059
2318361,0.08229833841323853,0.07617002725601196
2318381,0.07898927479982376,0.0778050422668457
2318401,0.07744000852108002,0.07811512798070908
2318421,0.0780450850725174,0.07821996510028839
2318441,0.07940418273210526,0.07952070236206055
2318461,0.08562426269054413,0.07514430582523346
2318481,0.08717899769544601,0.0760454311966896
2318501,0.08669807016849518,0.07805468142032623
2318521,0.08818141371011734,0.07678022980690002
2318541,0.08727986365556717,0.07652558386325836
2318561,0.08738232403993607,0.0745275542140007
2318581,0.09035567939281464,0.07849297672510147
2318601,0.08760315924882889,0.07830516993999481
2318621,0.0880669504404068,0.07941937446594238
2318641,0.08981695026159286,0.07978566735982895
2318661,0.08875106275081635,0.07651793211698532
2318681,0.0933045893907547,0.07543066889047623
2318701,0.09177283197641373,0.07536093145608902
2318721,0.09193219244480133,0.07638181746006012
2318741,0.09176100790500641,0.08093651384115219
2318761,0.08858047425746918,0.08060874789953232
2318781,0.08478391170501709,0.07706286758184433
2318801,0.08138633519411087,0.07745414972305298
2318821,0.07949499785900116,0.07739836722612381
2318841,0.07748503983020782,0.08047246187925339
2318861,0.07733843475580215,0.0791601836681366
2318881,0.0789203941822052,0.07676494121551514
2318901,0.08347100764513016,0.08010195940732956
2318921,0.08409090340137482,0.08129960298538208
2318941,0.08244290947914124,0.08346959948539734
2318961,0.08133454620838165,0.083347387611866
2318981,0.08079987019300461,0.08083193749189377
2319001,0.08386734873056412,0.08168567717075348
2319021,0.08436737209558487,0.0843590646982193
2319041,0.08236777782440186,0.08755555748939514
2319061,0.0829201489686966,0.08745293319225311
2319081,0.08150744438171387,0.08777210861444473
2319101,0.08590864390134811,0.08440154790878296
2319121,0.08695065230131149,0.08599326759576797
2319141,0.0835687443614006,0.08683446794748306
2319161,0.08249379694461823,0.08746175467967987
2319181,0.08295837789773941,0.08537884801626205
2319201,0.08671457320451736,0.08301735669374466
2319221,0.08400328457355499,0.08428683876991272
2319241,0.08115815371274948,0.08337108790874481
2319261,0.07581968605518341,0.0811469778418541
2319281,0.07466955482959747,0.08231381326913834
2319301,0.07372181862592697,0.07900619506835938
2319321,0.07674697786569595,0.07991594821214676
2319341,0.07958142459392548,0.08349542319774628
2319361,0.07973922044038773,0.08486811816692352
2319381,0.0786096602678299,0.08843174576759338
2319401,0.0745248943567276,0.09016600251197815
2319421,0.07149817794561386,0.09224003553390503
2319441,0.0682588592171669,0.09794344753026962
2319461,0.06720425933599472,0.10116388648748398
2319481,0.06916870176792145,0.10239749401807785
2319501,0.06835025548934937,0.1037202700972557
2319521,0.06672551482915878,0.10223923623561859
2319541,0.06643453985452652,0.10781941562891006
2319561,0.06567755341529846,0.1068250983953476
2319581,0.06647540628910065,0.10754505544900894
2319601,0.064894899725914,0.1075529009103775
2319621,0.06963738054037094,0.10188204795122147
2319641,0.06874697655439377,0.10335001349449158
2319661,0.0644441470503807,0.10434349626302719
2319681,0.06234583258628845,0.10322677344083786
2319701,0.05800025910139084,0.10372581332921982
2319721,0.0571393221616745,0.10083016753196716
2319741,0.061089638620615005,0.10252874344587326
2319761,0.05991901457309723,0.10252660512924194
2319781,0.0604068823158741,0.10264675319194794
2319801,0.06187991052865982,0.10019727051258087
2319821,0.06210758537054062,0.09896856546401978
2319841,0.06025072932243347,0.09692587703466415
2319861,0.05726957321166992,0.09748706221580505
2319881,0.05355924367904663,0.10001005232334137
2319901,0.050157878547906876,0.10241678357124329
2319921,0.05151505395770073,0.1021658182144165
2319941,0.050825413316488266,0.10073567926883698
2319961,0.0558408722281456,0.10320262610912323
2319981,0.05375342071056366,0.10315777361392975
2320001,0.05315128713846207,0.10309316217899323
2320021,0.05056770518422127,0.10343046486377716
2320041,0.04993858560919762,0.09753943234682083
2320061,0.054138366132974625,0.09728380292654037
2320081,0.05238669738173485,0.09658723324537277
2320101,0.05142955854535103,0.09691336750984192
2320121,0.04635394364595413,0.09522116184234619
2320141,0.04724334925413132,0.09310997277498245
2320161,0.04905643314123154,0.09104739874601364
2320181,0.050064489245414734,0.09193067997694016
2320201,0.048842281103134155,0.09290121495723724
2320221,0.045158129185438156,0.09288589656352997
2320241,0.04486682265996933,0.09329520910978317
2320261,0.04197635129094124,0.0892159566283226
2320281,0.046871334314346313,0.08981131762266159
2320301,0.04516177624464035,0.08652669191360474
2320321,0.04341110214591026,0.08707567304372787
2320341,0.04291075840592384,0.08740679174661636
2320361,0.03960838541388512,0.08786824345588684
2320381,0.04765372723340988,0.0870492085814476
2320401,0.04770570248365402,0.08912786096334457
2320421,0.050125475972890854,0.08934689313173294
2320441,0.05114707723259926,0.08679848909378052
2320461,0.049941129982471466,0.08615068346261978
2320481,0.052628785371780396,0.08549876511096954
2320501,0.050899408757686615,0.08542895317077637
2320521,0.047657087445259094,0.08851165324449539
2320541,0.04666411876678467,0.09208090603351593
2320561,0.04407221078872681,0.09097299724817276
2320581,0.05237719044089317,0.09151758253574371
2320601,0.05538180097937584,0.0887569785118103
2320621,0.059133972972631454,0.08792649209499359
2320641,0.06071986258029938,0.08619934320449829
2320661,0.06199019029736519,0.08663871884346008
2320681,0.06886011362075806,0.08805528283119202
2320701,0.06758838891983032,0.09245846420526505
2320721,0.06987522542476654,0.0938514843583107
2320741,0.06661804765462875,0.09492100775241852
2320761,0.06379743665456772,0.09334847331047058
2320781,0.060854967683553696,0.09275888651609421
2320801,0.05853408947587013,0.09623650461435318
2320821,0.06124204769730568,0.09871607273817062
2320841,0.06128528714179993,0.09718556702136993
2320861,0.05951279401779175,0.0970267727971077
2320881,0.06109817326068878,0.09606178104877472
2320901,0.06599212437868118,0.09359896183013916
2320921,0.06698519736528397,0.09454945474863052
2320941,0.06374316662549973,0.09601034224033356
2320961,0.0612349696457386,0.09450055658817291
2320981,0.06028180941939354,0.09535843133926392
2321001,0.05750434473156929,0.09069913625717163
2321021,0.05795550346374512,0.08909786492586136
2321041,0.05727878585457802,0.0916343405842781
2321061,0.06242656707763672,0.08938848227262497
2321081,0.06319254636764526,0.08935298025608063
2321101,0.0681813657283783,0.08694051206111908
2321121,0.07297538965940475,0.08842837065458298
2321141,0.06967367231845856,0.08819668740034103
2321161,0.06672240048646927,0.08849124610424042
2321181,0.06226689741015434,0.08721178770065308
2321201,0.06130898743867874,0.08940085023641586
2321221,0.06520938873291016,0.09336598962545395
2321241,0.06473783403635025,0.09203794598579407
2321261,0.06726859509944916,0.09394378215074539
2321281,0.067690409719944,0.09394309669733047
2321301,0.06951110810041428,0.09602685272693634
2321321,0.07036914676427841,0.09238547831773758
2321341,0.070378378033638,0.09327269345521927
2321361,0.0708150789141655,0.0962458997964859
2321381,0.07173241674900055,0.09654703736305237
2321401,0.07352858036756516,0.09643824398517609
2321421,0.07271657139062881,0.09546330571174622
2321441,0.0725117102265358,0.0964970663189888
2321461,0.07078103721141815,0.10019910335540771
2321481,0.06648299843072891,0.10038618743419647
2321501,0.06907471269369125,0.09828387200832367
2321521,0.07153712213039398,0.09635621309280396
2321541,0.07548574358224869,0.09809859842061996
2321561,0.07143691927194595,0.09719081968069077
2321581,0.07097098231315613,0.09471060335636139
2321601,0.0691562071442604,0.09404747933149338
2321621,0.0676383450627327,0.09500434249639511
2321641,0.07135777920484543,0.09862815588712692
2321661,0.07298845797777176,0.09908069670200348
2321681,0.07297545671463013,0.10162877291440964
2321701,0.07510428130626678,0.10509078949689865
2321721,0.07631510496139526,0.10228169709444046
2321741,0.07795920968055725,0.10231377184391022
2321761,0.07884503901004791,0.10150938481092453
2321781,0.0788412094116211,0.10142095386981964
2321801,0.08140171319246292,0.10239277780056
2321821,0.08275369554758072,0.10356532782316208
2321841,0.08189059793949127,0.10465069115161896
2321861,0.0796760767698288,0.10338550060987473
2321881,0.07780624181032181,0.10153761506080627
2321901,0.07920192927122116,0.10167502611875534
2321921,0.07993443310260773,0.10033530741930008
2321941,0.0806194320321083,0.09411903470754623
2321961,0.08847647905349731,0.09218677878379822
2321981,0.0876891240477562,0.0933079794049263
2322001,0.08976732194423676,0.09450973570346832
2322021,0.09313253313302994,0.09150679409503937
2322041,0.0867433249950409,0.08815839886665344
2322061,0.08522026240825653,0.08887211233377457
2322081,0.08231732994318008,0.09236715734004974
2322101,0.08050622045993805,0.09334968030452728
2322121,0.08177845180034637,0.09770594537258148
2322141,0.0826169103384018,0.09864499419927597
2322161,0.0854048952460289,0.09598056226968765
2322181,0.08656159788370132,0.09491392225027084
2322201,0.08639874309301376,0.09314773976802826
2322221,0.08713198453187943,0.0948501005768776
2322241,0.08726657927036285,0.09317610412836075
2322261,0.08939085155725479,0.09038042277097702
2322281,0.09054069221019745,0.09203065931797028
2322301,0.08575540035963058,0.09385212510824203
2322321,0.0859023854136467,0.09732089191675186
2322341,0.08389382809400558,0.09864639490842819
2322361,0.08078756928443909,0.09821996092796326
2322381,0.08458536118268967,0.09807342290878296
2322401,0.08454304933547974,0.09709250181913376
2322421,0.08556230366230011,0.09290265291929245
2322441,0.08593058586120605,0.09237906336784363
2322461,0.08217065036296844,0.09202305227518082
2322481,0.0796174481511116,0.09513793140649796
2322501,0.07378964126110077,0.09943769127130508
2322521,0.07236324995756149,0.10094363987445831
2322541,0.07082656025886536,0.10250310599803925
2322561,0.06694372743368149,0.10147511959075928
2322581,0.06784270703792572,0.09813418239355087
2322601,0.06712852418422699,0.09637001901865005
2322621,0.06491468846797943,0.10105457901954651
2322641,0.06404898315668106,0.09796649217605591
2322661,0.06699439883232117,0.10050780326128006
2322681,0.06932283937931061,0.09840051084756851
2322701,0.07081018388271332,0.09865456819534302
2322721,0.06535539031028748,0.0975593626499176
2322741,0.06419649720191956,0.09652905911207199
2322761,0.06052979454398155,0.09701848030090332
2322781,0.05897359177470207,0.0944533571600914
2322801,0.0641910582780838,0.09413830190896988
2322821,0.06639255583286285,0.09286494553089142
2322841,0.06783851981163025,0.09339379519224167
2322861,0.06968090683221817,0.09140932559967041
2322881,0.072121262550354,0.09075265377759933
2322901,0.07251691818237305,0.08731385320425034
2322921,0.06937500089406967,0.08714375644922256
2322941,0.06718530505895615,0.08867127448320389
2322961,0.06451587378978729,0.08912860602140427
2322981,0.061565760523080826,0.0910288393497467
2323001,0.06260126829147339,0.09043983370065689
2323021,0.06990988552570343,0.09224668890237808
2323041,0.06822793930768967,0.09478578716516495
2323061,0.07020793855190277,0.09478440135717392
2323081,0.07023805379867554,0.09413336962461472
2323101,0.07027212530374527,0.09526808559894562
2323121,0.07662471383810043,0.09316965192556381
2323141,0.07247132807970047,0.09405464679002762
2323161,0.07077104598283768,0.09714920073747635
2323181,0.06990468502044678,0.09819192439317703
2323201,0.06880804151296616,0.09922641515731812
2323221,0.06775394082069397,0.09984877705574036
2323241,0.0685088038444519,0.09920988976955414
2323261,0.07093854993581772,0.09918509423732758
2323281,0.071762815117836,0.09779123961925507
2323301,0.06947466731071472,0.09489161521196365
2323321,0.0749005675315857,0.09297996759414673
2323341,0.07330196350812912,0.0903419777750969
2323361,0.0700145810842514,0.08966557681560516
2323381,0.06540809571743011,0.08815205097198486
2323401,0.06107147037982941,0.08977878838777542
2323421,0.060279201716184616,0.09096156805753708
2323441,0.06474919617176056,0.0943777859210968
2323461,0.06129291653633118,0.0940960943698883
2323481,0.06520740687847137,0.09284859150648117
2323501,0.06682030856609344,0.09579325467348099
2323521,0.06635846197605133,0.09287877380847931
2323541,0.06989923864603043,0.09490879625082016
2323561,0.07262212783098221,0.09700960665941238
2323581,0.06915216147899628,0.0989694893360138
2323601,0.06757881492376328,0.10001392662525177
2323621,0.0634535700082779,0.10075342655181885
2323641,0.06284744292497635,0.10273677110671997
2323661,0.0593804270029068,0.102864108979702
2323681,0.05413170903921127,0.09824641793966293
2323701,0.05764523148536682,0.0962536558508873
2323721,0.06057341396808624,0.09326814860105515
2323741,0.06839340180158615,0.09176511317491531
2323761,0.06733901798725128,0.09004691243171692
2323781,0.06291621178388596,0.08887925744056702
2323801,0.05998489633202553,0.08915141224861145
2323821,0.05774379521608353,0.09210268408060074
2323841,0.055432580411434174,0.09232575446367264
2323861,0.05438695102930069,0.09327691048383713
2323881,0.05641748756170273,0.09363602846860886
2323901,0.0564892403781414,0.09268132597208023
2323921,0.058441195636987686,0.09167368710041046
2323941,0.05988220125436783,0.08739424496889114
2323961,0.06329871714115143,0.09084072709083557
2323981,0.06494351476430893,0.0898086428642273
2324001,0.0658378005027771,0.08868926018476486
2324021,0.06744413822889328,0.08618903160095215
2324041,0.07093057036399841,0.08541254699230194
2324061,0.06802669167518616,0.08320187032222748
2324081,0.06660637259483337,0.08535229414701462
2324101,0.05918325111269951,0.08699877560138702
2324121,0.05951020121574402,0.08611578494310379
2324141,0.05959043279290199,0.08605443686246872
2324161,0.060670964419841766,0.08571689575910568
2324181,0.06871572136878967,0.08690543472766876
2324201,0.06960232555866241,0.08600130677223206
2324221,0.07134543359279633,0.08602643758058548
2324241,0.07483608275651932,0.08814427256584167
2324261,0.07438148558139801,0.08653200417757034
2324281,0.07222966849803925,0.08753378689289093
2324301,0.06925545632839203,0.09113937616348267
2324321,0.07068007439374924,0.09360449016094208
2324341,0.06673876941204071,0.09481838345527649
2324361,0.06968334317207336,0.09286069124937057
2324381,0.07505812495946884,0.09375284612178802
2324401,0.07621230185031891,0.09232687205076218
2324421,0.07545703649520874,0.093388631939888
2324441,0.0777297243475914,0.09311287850141525
2324461,0.07436580210924149,0.09380070865154266
2324481,0.076847143471241,0.09566966444253922
2324501,0.0776217058300972,0.09822752326726913
2324521,0.07452190667390823,0.10032356530427933
2324541,0.07107332348823547,0.10185165703296661
2324561,0.06871254742145538,0.10302934795618057
2324581,0.07314886897802353,0.09691758453845978
2324601,0.07931038737297058,0.09868498891592026
2324621,0.07865163683891296,0.09803179651498795
2324641,0.07908971607685089,0.09697988629341125
2324661,0.07946048676967621,0.09680306911468506
2324681,0.07784508168697357,0.09822462499141693
2324701,0.07704513520002365,0.1003531664609909
2324721,0.07480943948030472,0.10172999650239944
2324741,0.07242186367511749,0.10324181616306305
2324761,0.07045170664787292,0.1064184308052063
2324781,0.06956882029771805,0.10556791722774506
2324801,0.07331053167581558,0.10350591689348221
2324821,0.07459450513124466,0.10490976274013519
2324841,0.07375863194465637,0.1043124869465828
2324861,0.07276084274053574,0.10320907086133957
2324881,0.07458145171403885,0.10215310752391815
2324901,0.07455026358366013,0.0965912863612175
2324921,0.07178451865911484,0.10031750053167343
2324941,0.06796024739742279,0.09985964000225067
2324961,0.07005500048398972,0.10174064338207245
2324981,0.06987865269184113,0.10589954257011414
2325001,0.06412606686353683,0.10525675863027573
2325021,0.06991247832775116,0.10198184847831726
2325041,0.06934639066457748,0.10224131494760513
2325061,0.06797151267528534,0.10167894512414932
2325081,0.0681304931640625,0.10230682045221329
2325101,0.06931405514478683,0.09768036007881165
2325121,0.07153197377920151,0.0930183082818985
2325141,0.0671522244811058,0.09273243695497513
2325161,0.06711112707853317,0.09417644888162613
2325181,0.06390441209077835,0.09129810333251953
2325201,0.06131623312830925,0.08910450339317322
2325221,0.0649169385433197,0.08539837598800659
2325241,0.06494634598493576,0.08607114106416702
2325261,0.06211651489138603,0.08577387779951096
2325281,0.06245286017656326,0.08629997074604034
2325301,0.06483732908964157,0.08474235981702805
2325321,0.064759761095047,0.08238960802555084
2325341,0.066844142973423,0.07897025346755981
2325361,0.06502603739500046,0.08057349175214767
2325381,0.06251681596040726,0.08365948498249054
2325401,0.06329457461833954,0.08422473073005676
2325421,0.06122390553355217,0.08523041009902954
2325441,0.06169041246175766,0.08461973816156387
2325461,0.062474705278873444,0.08522117882966995
2325481,0.06502563506364822,0.0856289491057396
2325501,0.06893273442983627,0.08402096480131149
2325521,0.06884990632534027,0.08325011283159256
2325541,0.0700121819972992,0.07963810116052628
2325561,0.07251700013875961,0.0793292224407196
2325581,0.07010252773761749,0.07736407965421677
2325601,0.06914257258176804,0.08021228760480881
2325621,0.06451088190078735,0.07785742729902267
2325641,0.06225936859846115,0.07986777275800705
2325661,0.06502080708742142,0.07869767397642136
2325681,0.0651145651936531,0.07948839664459229
2325701,0.06264942139387131,0.07833584398031235
2325721,0.06332802772521973,0.07989330589771271
2325741,0.06246327608823776,0.08105307817459106
2325761,0.07217074185609818,0.08246991783380508
2325781,0.07149466127157211,0.08267293125391006
2325801,0.06853929162025452,0.08724004775285721
2325821,0.0643371194601059,0.08728988468647003
2325841,0.06256476044654846,0.08528521656990051
2325861,0.06358639895915985,0.0837189257144928
2325881,0.0632668063044548,0.08550884574651718
2325901,0.06131957098841667,0.08478112518787384
2325921,0.06035365164279938,0.08403635770082474
2325941,0.06145724281668663,0.08404180407524109
2325961,0.06571971625089645,0.08124637603759766
2325981,0.06621403247117996,0.08042272180318832
2326001,0.0665651187300682,0.0796525701880455
2326021,0.06276486814022064,0.08239347487688065
2326041,0.06019652634859085,0.08510978519916534
2326061,0.057177167385816574,0.08763565123081207
2326081,0.05610329285264015,0.0912361666560173
2326101,0.058271635323762894,0.091660276055336
2326121,0.06130264699459076,0.09187071770429611
2326141,0.06236547976732254,0.09181317687034607
2326161,0.06442201882600784,0.09088531881570816
2326181,0.06928544491529465,0.09079835563898087
2326201,0.06435558199882507,0.09134133905172348
2326221,0.06319139152765274,0.09141514450311661
2326241,0.060839440673589706,0.09230977296829224
2326261,0.059998515993356705,0.09376326203346252
2326281,0.065126433968544,0.09459816664457321
2326301,0.061757203191518784,0.09759493172168732
2326321,0.061057671904563904,0.09731339663267136
2326341,0.06371190398931503,0.09543997049331665
2326361,0.06708656251430511,0.09501892328262329
2326381,0.0716569572687149,0.09248299151659012
2326401,0.07315105944871902,0.0938338115811348
2326421,0.07379201799631119,0.09475655853748322
2326441,0.07311747968196869,0.09355228394269943
2326461,0.07278218120336533,0.09169765561819077
2326481,0.06991056352853775,0.08766575902700424
2326501,0.06921335309743881,0.08923115581274033
2326521,0.0688495859503746,0.08865320682525635
2326541,0.06957639753818512,0.08815877884626389
2326561,0.07245529443025589,0.08705353736877441
2326581,0.07198341935873032,0.08213634788990021
2326601,0.07597188651561737,0.08429589867591858
2326621,0.07447781413793564,0.08621539920568466
2326641,0.07983916252851486,0.08789001405239105
2326661,0.07778096944093704,0.08626103401184082
2326681,0.07684718072414398,0.08550436794757843
2326701,0.07441015541553497,0.08537264913320541
2326721,0.07242177426815033,0.08569581061601639
2326741,0.07211542129516602,0.08739563822746277
2326761,0.0707898885011673,0.08863183856010437
2326781,0.07154733687639236,0.08773831278085709
2326801,0.07715460658073425,0.08582144975662231
2326821,0.0778658390045166,0.08732892572879791
2326841,0.07477770000696182,0.0873057171702385
2326861,0.07849282771348953,0.0856320708990097
2326881,0.08058907836675644,0.08496029675006866
2326901,0.07810284942388535,0.08123986423015594
2326921,0.07497204095125198,0.08216787129640579
2326941,0.07221914827823639,0.08463461697101593
2326961,0.06846656650304794,0.08341650664806366
2326981,0.07107529789209366,0.08323989063501358
2327001,0.0721871629357338,0.08507193624973297
2327021,0.07583430409431458,0.08226266503334045
2327041,0.07616499811410904,0.08439513295888901
2327061,0.07588160783052444,0.08582259714603424
2327081,0.07746090739965439,0.08676777780056
2327101,0.07773464918136597,0.08570434898138046
2327121,0.07832834124565125,0.08376473188400269
2327141,0.07633509486913681,0.084269218146801
2327161,0.07368949055671692,0.08528906852006912
2327181,0.0691232904791832,0.08476204425096512
2327201,0.06845878064632416,0.08364836126565933
2327221,0.06982467323541641,0.07833385467529297
2327241,0.07499342411756516,0.08046082407236099
2327261,0.07592430710792542,0.08177246153354645
2327281,0.07556387782096863,0.08310913294553757
2327301,0.08074267953634262,0.08340918272733688
2327321,0.07651063054800034,0.08112108707427979
2327341,0.07253926247358322,0.08309046924114227
2327361,0.07241228222846985,0.0837525874376297
2327381,0.06891759485006332,0.08391687273979187
2327401,0.07262153178453445,0.08720213174819946
2327421,0.07303054630756378,0.08611232042312622
2327441,0.07809890806674957,0.08388826251029968
2327461,0.07973065227270126,0.08716102689504623
2327481,0.07796384394168854,0.0887429490685463
2327501,0.07711798697710037,0.08770905435085297
2327521,0.07812374830245972,0.08828447014093399
2327541,0.08018447458744049,0.0862361267209053
2327561,0.07910890877246857,0.0883997455239296
2327581,0.0768127590417862,0.08826420456171036
2327601,0.07503259181976318,0.08767705410718918
2327621,0.071418397128582,0.0893167108297348
2327641,0.06942786276340485,0.08980900794267654
2327661,0.07490132749080658,0.09013275057077408
2327681,0.07345995306968689,0.09286937117576599
2327701,0.07529022544622421,0.09027963131666183
2327721,0.07889743149280548,0.09037445485591888
2327741,0.07694272696971893,0.0892731100320816
2327761,0.08317092806100845,0.08984965831041336
2327781,0.07854665815830231,0.09178121387958527
2327801,0.07764606177806854,0.09223863482475281
2327821,0.07466855645179749,0.09189952909946442
2327841,0.07179608196020126,0.09245266020298004
2327861,0.07389084994792938,0.09130657464265823
2327881,0.08092406392097473,0.09218582510948181
2327901,0.07866653054952621,0.09186559170484543
2327921,0.07637626677751541,0.09297594428062439
2327941,0.07315276563167572,0.09240663051605225
2327961,0.07489579170942307,0.09134630858898163
2327981,0.07728471606969833,0.09391241520643234
2328001,0.07263951748609543,0.08984603732824326
2328021,0.07241680473089218,0.09239054471254349
2328041,0.068060502409935,0.09405104070901871
2328061,0.06591290980577469,0.09162922203540802
2328081,0.06598231941461563,0.0904242992401123
2328101,0.06606218218803406,0.09237121045589447
2328121,0.0671447366476059,0.0925740972161293
2328141,0.07141124457120895,0.09402085095643997
2328161,0.07307332009077072,0.09384067356586456
2328181,0.07850106805562973,0.09415793418884277
2328201,0.08119665086269379,0.0955844521522522
2328221,0.07667992264032364,0.09594765305519104
2328241,0.07386115193367004,0.09523576498031616
2328261,0.071299709379673,0.0970378965139389
2328281,0.06787251681089401,0.09794295579195023
2328301,0.07354891300201416,0.09940284490585327
2328321,0.07515935599803925,0.09934461116790771
2328341,0.07280165702104568,0.09931305050849915
2328361,0.07776554673910141,0.10040261596441269
2328381,0.07961815595626831,0.0990985780954361
2328401,0.08213701099157333,0.10199912637472153
2328421,0.0818767324090004,0.10181494802236557
2328441,0.07901044189929962,0.10172392427921295
2328461,0.07622779905796051,0.1004626601934433
2328481,0.0722963884472847,0.09911223500967026
2328501,0.06999170780181885,0.09862370043992996
2328521,0.06757572293281555,0.09861375391483307
2328541,0.06916358321905136,0.09815916419029236
2328561,0.06882800161838531,0.09708601981401443
2328581,0.06934105604887009,0.09612724930047989
2328601,0.07393374294042587,0.092405304312706
2328621,0.07459241896867752,0.09140533953905106
2328641,0.07457204163074493,0.09079565107822418
2328661,0.07321019470691681,0.08994440734386444
2328681,0.06940872967243195,0.09212863445281982
2328701,0.06780175119638443,0.08906646817922592
2328721,0.06298006325960159,0.090519018471241
2328741,0.06264988332986832,0.08857032656669617
2328761,0.061736173927783966,0.0899396538734436
2328781,0.0647980272769928,0.08987578749656677
2328801,0.06392120569944382,0.08903796970844269
2328821,0.06684668362140656,0.09038050472736359
2328841,0.06699766218662262,0.08799610286951065
2328861,0.0692044049501419,0.09137854725122452
2328881,0.06741512566804886,0.0916224792599678
2328901,0.06509494036436081,0.0892353281378746
2328921,0.06481311470270157,0.08759015798568726
2328941,0.05915910750627518,0.08472807705402374
2328961,0.05954478681087494,0.08429515361785889
2328981,0.056269850581884384,0.08144891262054443
2329001,0.05977272987365723,0.07989157736301422
2329021,0.06465672701597214,0.079485684633255
2329041,0.06411918997764587,0.08065248280763626
2329061,0.066500224173069,0.08150921016931534
2329081,0.06575354188680649,0.0826416164636612
2329101,0.0671248808503151,0.08424869924783707
2329121,0.0684858113527298,0.0830405130982399
2329141,0.0735105350613594,0.08241117745637894
2329161,0.07414513826370239,0.08291977643966675
2329181,0.07380690425634384,0.08225706219673157
2329201,0.0767252966761589,0.08422226458787918
2329221,0.07460813224315643,0.08344116806983948
2329241,0.0797262117266655,0.0812801644206047
2329261,0.08106058090925217,0.0851719006896019
2329281,0.08442065864801407,0.08391181379556656
2329301,0.08473866432905197,0.08268588036298752
2329321,0.0811062678694725,0.08512406796216965
2329341,0.0826788991689682,0.08556850254535675
2329361,0.07986339181661606,0.08524660766124725
2329381,0.07805522531270981,0.08501211553812027
2329401,0.07678063958883286,0.08510617166757584
2329421,0.07626283913850784,0.08427226543426514
2329441,0.07912810891866684,0.08203672617673874
2329461,0.08599809557199478,0.08480566740036011
2329481,0.08704105764627457,0.0821753665804863
2329501,0.08372417092323303,0.08145897835493088
2329521,0.08366023004055023,0.07916136085987091
2329541,0.0819704532623291,0.07583751529455185
2329561,0.076091468334198,0.07793485373258591
2329581,0.07203564047813416,0.07684586197137833
2329601,0.06982672214508057,0.0782386064529419
2329621,0.06840579211711884,0.07928083837032318
2329641,0.06919703632593155,0.07662563025951385
2329661,0.07433158904314041,0.07628071308135986
2329681,0.07422081381082535,0.07950456440448761
2329701,0.07596971094608307,0.08155403286218643
2329721,0.0761081650853157,0.0812741294503212
2329741,0.07844781130552292,0.08563914895057678
2329761,0.07500021904706955,0.08668351173400879
2329781,0.07304399460554123,0.08967521786689758
2329801,0.06856358051300049,0.09086976200342178
2329821,0.06777682155370712,0.09071556478738785
2329841,0.06951850652694702,0.0932001993060112
2329861,0.06944604218006134,0.09135419130325317
2329881,0.07370363920927048,0.09177958220243454
2329901,0.0741206556558609,0.09094464778900146
2329921,0.07635131478309631,0.08974523097276688
2329941,0.07887002825737,0.08880940824747086
2329961,0.07757052034139633,0.0875181332230568
2329981,0.07394754141569138,0.08632330596446991
2330001,0.07194757461547852,0.08798736333847046
2330021,0.07271236181259155,0.0827399417757988
2330041,0.06767330318689346,0.0811188817024231
2330061,0.06696005910634995,0.08281321078538895
2330081,0.07209872454404831,0.08269863575696945
2330101,0.07261449098587036,0.08592583984136581
2330121,0.06938513368368149,0.08939776569604874
2330141,0.07181961089372635,0.08918388932943344
2330161,0.07245299965143204,0.08522771298885345
2330181,0.07580115646123886,0.08365098387002945
2330201,0.07202999293804169,0.08662263303995132
2330221,0.07190237939357758,0.08496449142694473
2330241,0.07092955708503723,0.08481409400701523
2330261,0.07126161456108093,0.08380936831235886
2330281,0.07262490689754486,0.0803254097700119
2330301,0.07943412661552429,0.08061754703521729
2330321,0.0794699415564537,0.08098642528057098
2330341,0.07983648777008057,0.08000581711530685
2330361,0.0815686360001564,0.07985326647758484
2330381,0.08258236199617386,0.07900720834732056
2330401,0.08036527037620544,0.08358578383922577
2330421,0.07497958838939667,0.08770566433668137
2330441,0.07045914977788925,0.0897487923502922
2330461,0.07202818244695663,0.09120699018239975
2330481,0.06925250589847565,0.09244251251220703
2330501,0.07520803064107895,0.09071650356054306
2330521,0.07577855885028839,0.09420011192560196
2330541,0.07500440627336502,0.09137225896120071
2330561,0.07631559669971466,0.0924193486571312
2330581,0.07848332077264786,0.09302950650453568
2330601,0.07957357168197632,0.08886917680501938
2330621,0.0790044516324997,0.0892939567565918
2330641,0.07463002949953079,0.08740533888339996
2330661,0.07091329991817474,0.08534250408411026
2330681,0.07104817777872086,0.0864471048116684
2330701,0.0688873827457428,0.08426930755376816
2330721,0.07591639459133148,0.08154173195362091
2330741,0.07605785876512527,0.08300631493330002
2330761,0.07776276022195816,0.08276088535785675
2330781,0.07451549917459488,0.08356958627700806
2330801,0.07312033325433731,0.08377952873706818
2330821,0.07680317014455795,0.08333034068346024
2330841,0.0790887326002121,0.08506163954734802
2330861,0.0803108960390091,0.08468522131443024
2330881,0.07933880388736725,0.08628195524215698
2330901,0.08328956365585327,0.0883166566491127
2330921,0.0841803103685379,0.08435005694627762
2330941,0.08501368761062622,0.08657906204462051
2330961,0.08792941272258759,0.08589910715818405
2330981,0.08675002306699753,0.08997330814599991
2331001,0.08447210490703583,0.08992069959640503
2331021,0.08791334927082062,0.08531439304351807
2331041,0.09325388073921204,0.08673441410064697
2331061,0.09030541777610779,0.08879896998405457
2331081,0.08838143944740295,0.08606132864952087
2331101,0.09014341980218887,0.08826784789562225
2331121,0.08987970650196075,0.0876082256436348
2331141,0.09165031462907791,0.0887644812464714
2331161,0.08898667991161346,0.08866649121046066
2331181,0.08780024945735931,0.0865573063492775
2331201,0.0876384824514389,0.08731535077095032
2331221,0.08741733431816101,0.08482323586940765
2331241,0.09075647592544556,0.08252722024917603
2331261,0.09290191531181335,0.08694406598806381
2331281,0.08984702825546265,0.09047918766736984
2331301,0.08098171651363373,0.09048093855381012
2331321,0.07815580815076828,0.09371030330657959
2331341,0.07890047878026962,0.09645697474479675
2331361,0.07685142755508423,0.09698870033025742
2331381,0.07792579382658005,0.09635741263628006
2331401,0.07663257420063019,0.0978422686457634
2331421,0.07335688173770905,0.09723038226366043
2331441,0.07091816514730453,0.0936984196305275
2331461,0.07592763751745224,0.09224560856819153
2331481,0.0741138830780983,0.09465376287698746
2331501,0.07370616495609283,0.09468144178390503
2331521,0.06952401995658875,0.09636032581329346
2331541,0.06648306548595428,0.09482929110527039
2331561,0.06316561996936798,0.09218687564134598
2331581,0.061504021286964417,0.09230879694223404
2331601,0.060955438762903214,0.09252352267503738
2331621,0.06330949068069458,0.09477648884057999
2331641,0.06406129896640778,0.09355398267507553
2331661,0.06812701374292374,0.09256189316511154
2331681,0.07141124457120895,0.09505034238100052
2331701,0.06887109577655792,0.0947970449924469
2331721,0.06664005666971207,0.09531039744615555
2331741,0.063288114964962,0.09783875197172165
2331761,0.05863436311483383,0.0962413102388382
2331781,0.05396968126296997,0.10079529881477356
2331801,0.05817822739481926,0.10070426017045975
2331821,0.05828838422894478,0.09986042976379395
2331841,0.05979360640048981,0.0968289002776146
2331861,0.06075640767812729,0.09365040808916092
2331881,0.06358476728200912,0.09210914373397827
2331901,0.06660602986812592,0.09028304368257523
2331921,0.06526446342468262,0.0921056717634201
2331941,0.06379716098308563,0.09232593327760696
2331961,0.06168702244758606,0.08994514495134354
2331981,0.060576241463422775,0.08973106741905212
2332001,0.056147534400224686,0.0899040549993515
2332021,0.056002482771873474,0.09110461920499802
2332041,0.057521868497133255,0.09168771654367447
2332061,0.059707265347242355,0.09079202264547348
2332081,0.06355778872966766,0.08808062225580215
2332101,0.0653396025300026,0.0906691774725914
2332121,0.06535087525844574,0.09171859174966812
2332141,0.0648285299539566,0.09225005656480789
2332161,0.06668104231357574,0.09077505022287369
2332181,0.06202387809753418,0.08967331796884537
2332201,0.06144702434539795,0.08984272927045822
2332221,0.05738099291920662,0.09590546786785126
2332241,0.05523568391799927,0.09390533715486526
2332261,0.060129109770059586,0.09292564541101456
2332281,0.061122771352529526,0.09174803644418716
2332301,0.06511770933866501,0.09189558029174805
2332321,0.0672079473733902,0.09191393852233887
2332341,0.0645851343870163,0.09070433676242828
2332361,0.06331631541252136,0.09306580573320389
2332381,0.06535579264163971,0.09427784383296967
2332401,0.0647757276892662,0.09017474949359894
2332421,0.06522970646619797,0.0906159058213234
2332441,0.06152073293924332,0.09120569378137589
2332461,0.05829785019159317,0.0913957878947258
2332481,0.05923951044678688,0.09240987151861191
2332501,0.06213530898094177,0.08829761296510696
2332521,0.07185692340135574,0.08901765197515488
2332541,0.0691460520029068,0.08897267282009125
2332561,0.07007742673158646,0.09185642004013062
2332581,0.07034934312105179,0.09092782437801361
2332601,0.06510480493307114,0.08962619304656982
2332621,0.06555673480033875,0.08965805172920227
2332641,0.06086522713303566,0.09237485378980637
2332661,0.05868469923734665,0.09187272191047668
2332681,0.059608135372400284,0.09320812672376633
2332701,0.06048731133341789,0.09267759323120117
2332721,0.06603534519672394,0.08978866040706635
2332741,0.07054951786994934,0.09138424694538116
2332761,0.07179141789674759,0.08870204538106918
2332781,0.0731457844376564,0.09095794707536697
2332801,0.07209594547748566,0.09153309464454651
2332821,0.06889516860246658,0.09343394637107849
2332841,0.06576218456029892,0.09526319056749344
2332861,0.06474003940820694,0.09718609601259232
2332881,0.06470374763011932,0.09925293177366257
2332901,0.06628820300102234,0.10062842071056366
2332921,0.06910759210586548,0.10097362101078033
2332941,0.07004111260175705,0.09987975656986237
2332961,0.06871217489242554,0.10029616206884384
2332981,0.07001489400863647,0.09937804937362671
2333001,0.07286302745342255,0.09745700657367706
2333021,0.0715283453464508,0.09411772340536118
2333041,0.06773480027914047,0.09608734399080276
2333061,0.05972766876220703,0.10058117657899857
2333081,0.058234602212905884,0.10517368465662003
2333101,0.06299498677253723,0.10802081972360611
2333121,0.062321987003088,0.10774961113929749
2333141,0.06262069195508957,0.10437297821044922
2333161,0.05972636491060257,0.10428820550441742
2333181,0.0556165911257267,0.10518468171358109
2333201,0.053765032440423965,0.10526630282402039
2333221,0.05301860719919205,0.10397323966026306
2333241,0.052862294018268585,0.1024753525853157
2333261,0.0515570268034935,0.10354896634817123
2333281,0.05072019621729851,0.1058550477027893
2333301,0.05114259198307991,0.10513530671596527
2333321,0.05436829477548599,0.10445166379213333
2333341,0.05722472444176674,0.09930175542831421
2333361,0.06262146681547165,0.09901434928178787
2333381,0.0589555948972702,0.10061272233724594
2333401,0.059392478317022324,0.105668805539608
2333421,0.055226195603609085,0.10371274501085281
2333441,0.054140862077474594,0.10667871683835983
2333461,0.052122946828603745,0.10900675505399704
2333481,0.04849573224782944,0.1112198531627655
2333501,0.051671773195266724,0.11535021662712097
2333521,0.051557838916778564,0.1150747537612915
2333541,0.05374663695693016,0.11327189952135086
2333561,0.05539312958717346,0.11207494139671326
2333581,0.05890360102057457,0.11089801788330078
2333601,0.062181033194065094,0.1109565943479538
2333621,0.06061345338821411,0.10879421979188919
2333641,0.06583872437477112,0.10783548653125763
2333661,0.06290928274393082,0.10660731047391891
2333681,0.06381137669086456,0.10818756371736526
2333701,0.06091209128499031,0.10488896816968918
2333721,0.060348864644765854,0.10452818125486374
2333741,0.06091912090778351,0.10047353804111481
2333761,0.059448011219501495,0.09882061183452606
2333781,0.06398216634988785,0.09751925617456436
2333801,0.06489238142967224,0.09943615645170212
2333821,0.070484459400177,0.09755711257457733
2333841,0.06985485553741455,0.09518804401159286
2333861,0.07179960608482361,0.09271914511919022
2333881,0.07776232808828354,0.09389486908912659
2333901,0.07464736700057983,0.09600785374641418
2333921,0.07480569928884506,0.0974627360701561
2333941,0.07501988857984543,0.10051923245191574
2333961,0.07076113671064377,0.10246932506561279
2333981,0.07409312576055527,0.10244627296924591
2334001,0.07352714985609055,0.10303772985935211
2334021,0.07240266352891922,0.1071581244468689
2334041,0.07420258224010468,0.10231246799230576
2334061,0.07718054205179214,0.09932541102170944
2334081,0.07764782756567001,0.09377112239599228
2334101,0.07484399527311325,0.09232846647500992
2334121,0.07254666090011597,0.09310176968574524
2334141,0.0721135139465332,0.0956537127494812
2334161,0.06998410075902939,0.09574434906244278
2334181,0.06654016673564911,0.09371558576822281
2334201,0.06495615094900131,0.09024637937545776
2334221,0.06623075157403946,0.08928906917572021
2334241,0.06719595938920975,0.09160958975553513
2334261,0.0695108100771904,0.09296248853206635
2334281,0.07166963815689087,0.0948309451341629
2334301,0.07242215424776077,0.09267156571149826
2334321,0.07073944061994553,0.09483054280281067
2334341,0.06677523255348206,0.09402835369110107
2334361,0.0628955289721489,0.09412111341953278
2334381,0.06170536205172539,0.09345947951078415
2334401,0.05888095870614052,0.09372376650571823
2334421,0.06278692185878754,0.09460916370153427
2334441,0.06311778724193573,0.09443087875843048
2334461,0.06528455018997192,0.0966387689113617
2334481,0.06443984806537628,0.09584398567676544
2334501,0.06023213639855385,0.09190139919519424
2334521,0.06866192072629929,0.09136012196540833
2334541,0.06883213669061661,0.09135465323925018
2334561,0.0661817118525505,0.09180045127868652
2334581,0.06502868980169296,0.09076054394245148
2334601,0.06286187469959259,0.0915936604142189
2334621,0.05970572307705879,0.08892745524644852
2334641,0.06438451260328293,0.08901022374629974
2334661,0.06608739495277405,0.0883110985159874
2334681,0.06914491206407547,0.08797139674425125
2334701,0.06916173547506332,0.08862067759037018
2334721,0.07704103738069534,0.08522813767194748
2334741,0.07375029474496841,0.08816851675510406
2334761,0.07257116585969925,0.08726730942726135
2334781,0.06861322373151779,0.08684296905994415
2334801,0.06713847815990448,0.08822698891162872
2334821,0.06322109699249268,0.08734269440174103
2334841,0.06676784157752991,0.08682003617286682
2334861,0.06985398381948471,0.08579165488481522
2334881,0.06854575872421265,0.08906850963830948
2334901,0.06861890107393265,0.08847492933273315
2334921,0.07237762212753296,0.08800513297319412
2334941,0.07580495625734329,0.08635200560092926
2334961,0.07347018271684647,0.08783945441246033
2334981,0.07349570095539093,0.0847751721739769
2335001,0.07320841401815414,0.08411939442157745
2335021,0.06878036260604858,0.08213028311729431
2335041,0.06560612469911575,0.08238136023283005
2335061,0.06437840312719345,0.08560068905353546
2335081,0.060719069093465805,0.08768520504236221
2335101,0.06072066351771355,0.09103654325008392
2335121,0.06467495113611221,0.09224846214056015
2335141,0.06579701602458954,0.09076100587844849
2335161,0.06772701442241669,0.09275879710912704
2335181,0.07021290063858032,0.09098290652036667
2335201,0.07212543487548828,0.0883333683013916
2335221,0.07091759145259857,0.08753613382577896
2335241,0.06707249581813812,0.0838918387889862
2335261,0.06727448105812073,0.0813865214586258
2335281,0.058898091316223145,0.08776649087667465
2335301,0.060700830072164536,0.08858127146959305
2335321,0.06449516862630844,0.09285321086645126
2335341,0.06647889316082001,0.09099147468805313
2335361,0.06932613253593445,0.08935480564832687
2335381,0.07121086120605469,0.09165675938129425
2335401,0.06952665746212006,0.09194383770227432
2335421,0.06972963362932205,0.09250543266534805
2335441,0.06808320432901382,0.09204838424921036
2335461,0.06628233194351196,0.09274453669786453
2335481,0.06553706526756287,0.0931728258728981
2335501,0.061381496489048004,0.09280058741569519
2335521,0.060452837496995926,0.09298098832368851
2335541,0.06207389384508133,0.09323413670063019
2335561,0.06477295607328415,0.09068839997053146
2335581,0.06849539279937744,0.09461111575365067
2335601,0.07032129168510437,0.09273748844861984
2335621,0.07333464920520782,0.09461718797683716
2335641,0.0750555470585823,0.09508421272039413
2335661,0.07145954668521881,0.09683477878570557
2335681,0.07177717983722687,0.09810546785593033
2335701,0.06701228022575378,0.10293082892894745
2335721,0.06752995401620865,0.1063104122877121
2335741,0.06725842505693436,0.10346764326095581
2335761,0.07075225561857224,0.10397063940763474
2335781,0.0758570060133934,0.10355843603610992
2335801,0.0811242014169693,0.10291209816932678
2335821,0.07976625859737396,0.10487876832485199
2335841,0.07916035503149033,0.10365026444196701
2335861,0.08233819156885147,0.1024923324584961
2335881,0.08324500918388367,0.10218526422977448
2335901,0.08161111176013947,0.1042041927576065
2335921,0.07842126488685608,0.10557149350643158
2335941,0.0745902955532074,0.10600881278514862
2335961,0.07114297896623611,0.10589803010225296
2335981,0.07320586591959,0.10188153386116028
2336001,0.078035369515419,0.10471053421497345
2336021,0.07875727862119675,0.10482349991798401
2336041,0.07751782238483429,0.10285185277462006
2336061,0.08079079538583755,0.1010393351316452
2336081,0.07728838175535202,0.0978240966796875
2336101,0.073696568608284,0.09384198486804962
2336121,0.06990846991539001,0.09383316338062286
2336141,0.06623683869838715,0.09535627067089081
2336161,0.06129544973373413,0.09520033746957779
2336181,0.05854904651641846,0.09617612510919571
2336201,0.06099819019436836,0.09631261229515076
2336221,0.06696046888828278,0.09527463465929031
2336241,0.06896455585956573,0.09625685214996338
2336261,0.06970947980880737,0.09974604845046997
2336281,0.07298415899276733,0.09977203607559204
2336301,0.07621273398399353,0.09698449820280075
2336321,0.08038686215877533,0.09826188534498215
2336341,0.07682729512453079,0.10093393176794052
2336361,0.07373315840959549,0.10269934684038162
2336381,0.0747845470905304,0.10420646518468857
2336401,0.0689498782157898,0.10891301929950714
2336421,0.07558313012123108,0.10716323554515839
2336441,0.07724770158529282,0.10695221275091171
2336461,0.07786272466182709,0.10350200533866882
2336481,0.0772123709321022,0.10197171568870544
2336501,0.07855454832315445,0.10079856216907501
2336521,0.08411586284637451,0.10263103246688843
2336541,0.08182892948389053,0.10533353686332703
2336561,0.07836950570344925,0.10696045309305191
2336581,0.07582850754261017,0.10927703231573105
2336601,0.07422766089439392,0.10731859505176544
2336621,0.06953966617584229,0.10535486042499542
2336641,0.0741482749581337,0.10483945161104202
2336661,0.07574398070573807,0.10150996595621109
2336681,0.07982141524553299,0.10086130350828171
2336701,0.07780255377292633,0.10065685212612152
2336721,0.08088502287864685,0.10133624821901321
2336741,0.08406797051429749,0.09666798263788223
2336761,0.08193367719650269,0.09814423322677612
2336781,0.08113224804401398,0.098835788667202
2336801,0.07816872000694275,0.0994030237197876
2336821,0.07483801245689392,0.10195111483335495
2336841,0.0759594738483429,0.10286006331443787
2336861,0.07586480677127838,0.10187718272209167
2336881,0.07800613343715668,0.10270482301712036
2336901,0.07841851562261581,0.10143391042947769
2336921,0.0802014023065567,0.09772402048110962
2336941,0.0784551352262497,0.09363017231225967
2336961,0.07628516852855682,0.08956477791070938
2336981,0.07226261496543884,0.0887339785695076
2337001,0.06927797198295593,0.08748489618301392
2337021,0.06602292507886887,0.08857522904872894
2337041,0.06789586693048477,0.09232785552740097
2337061,0.07530395686626434,0.09734641760587692
2337081,0.07396073639392853,0.09623255580663681
2337101,0.07292591035366058,0.09598343074321747
2337121,0.07416998594999313,0.0941343829035759
2337141,0.07758186012506485,0.09037770330905914
2337161,0.0830259695649147,0.0926981270313263
2337181,0.08322171121835709,0.08819230645895004
2337201,0.08276183903217316,0.08700776100158691
2337221,0.08072343468666077,0.08934292197227478
2337241,0.07831981033086777,0.093145452439785
2337261,0.07877998799085617,0.09486372023820877
2337281,0.07605043798685074,0.09781361371278763
2337301,0.07757610827684402,0.09745806455612183
2337321,0.0775064080953598,0.095488041639328
2337341,0.07616754621267319,0.09276894479990005
2337361,0.07865452021360397,0.0907125473022461
2337381,0.0784497931599617,0.09036576747894287
2337401,0.07989195734262466,0.08945323526859283
2337421,0.08212164044380188,0.08795013278722763
2337441,0.08022789657115936,0.08956211805343628
2337461,0.07829605042934418,0.09063586592674255
2337481,0.07642717659473419,0.09217990934848785
2337501,0.07293397933244705,0.09369027614593506
2337521,0.07476227730512619,0.09484301507472992
2337541,0.07522760331630707,0.09643874317407608
2337561,0.07690214365720749,0.09135890007019043
2337581,0.07892937958240509,0.09036700427532196
2337601,0.07841454446315765,0.08969803154468536
2337621,0.07622693479061127,0.09184574335813522
2337641,0.0746055468916893,0.090351901948452
2337661,0.07109111547470093,0.09307687729597092
2337681,0.07348039746284485,0.09526271373033524
2337701,0.07681739330291748,0.09699761122465134
2337721,0.07666108012199402,0.10045374184846878
2337741,0.07750193774700165,0.09879311919212341
2337761,0.07532043009996414,0.09735921025276184
2337781,0.078009694814682,0.09450571984052658
2337801,0.08250060677528381,0.09636634588241577
2337821,0.08006899803876877,0.09812804311513901
2337841,0.08158276975154877,0.10013553500175476
2337861,0.07922278344631195,0.09655387699604034
2337881,0.07635945081710815,0.09750722348690033
2337901,0.07546774297952652,0.09801050275564194
2337921,0.07275696098804474,0.1021222323179245
2337941,0.07632555812597275,0.10541929304599762
2337961,0.07497355341911316,0.1072930321097374
2337981,0.07569652795791626,0.10342258960008621
2338001,0.07868150621652603,0.10338909924030304
2338021,0.07590125501155853,0.10505694895982742
2338041,0.07800696790218353,0.1077650636434555
2338061,0.07864944636821747,0.106686532497406
2338081,0.0764116421341896,0.11020706593990326
2338101,0.07226540148258209,0.11128903925418854
2338121,0.07127897441387177,0.11628711968660355
2338141,0.06885784864425659,0.11857754737138748
2338161,0.06993330270051956,0.1161668598651886
2338181,0.07165419310331345,0.11563169956207275
2338201,0.07208546251058578,0.11332296580076218
2338221,0.07815517485141754,0.112824447453022
2338241,0.07739393413066864,0.11365202814340591
2338261,0.0779547169804573,0.11107078939676285
2338281,0.07802224904298782,0.11015169322490692
2338301,0.07995068281888962,0.10592412203550339
2338321,0.07587024569511414,0.10352569073438644
2338341,0.07288841903209686,0.10410270094871521
2338361,0.06913995742797852,0.10618998855352402
2338381,0.06956770271062851,0.10617146641016006
2338401,0.07117336243391037,0.1087862029671669
2338421,0.07841165363788605,0.10433665663003922
2338441,0.07687191665172577,0.10478304326534271
2338461,0.07480645924806595,0.10820111632347107
2338481,0.0753069818019867,0.10692306607961655
2338501,0.0767744854092598,0.10534366220235825
2338521,0.07928305119276047,0.10310960561037064
2338541,0.07698053121566772,0.10246484726667404
2338561,0.07652579993009567,0.09990682452917099
2338581,0.07166051119565964,0.09556759148836136
2338601,0.07088585942983627,0.09542558342218399
2338621,0.07213810831308365,0.09077376872301102
2338641,0.07660938799381256,0.08915416896343231
2338661,0.07691103965044022,0.09003792703151703
2338681,0.07708124071359634,0.08934253454208374
2338701,0.07589399069547653,0.0892719253897667
2338721,0.0758015364408493,0.08768699318170547
2338741,0.07597878575325012,0.08561056107282639
2338761,0.07369190454483032,0.08273041248321533
2338781,0.07092361152172089,0.08376762270927429
2338801,0.06772642582654953,0.08255136013031006
2338821,0.06399820744991302,0.08207815140485764
2338841,0.07004772871732712,0.07977485656738281
2338861,0.06991805881261826,0.07965759932994843
2338881,0.06963138282299042,0.08016250282526016
2338901,0.07077091932296753,0.0814010426402092
2338921,0.07214035838842392,0.08194080740213394
2338941,0.07650578767061234,0.07938588410615921
2338961,0.0766499862074852,0.08152229338884354
2338981,0.07186969369649887,0.08256736397743225
2339001,0.07031794637441635,0.0842827558517456
2339021,0.06690149009227753,0.08267422020435333
2339041,0.06459911167621613,0.08009858429431915
2339061,0.0665462538599968,0.08036784082651138
2339081,0.06786958128213882,0.08222096413373947
2339101,0.06371329724788666,0.08298061043024063
2339121,0.06683830171823502,0.08046674728393555
2339141,0.06692634522914886,0.07764579355716705
2339161,0.07172618806362152,0.07378920167684555
2339181,0.06658466905355453,0.07337343692779541
2339201,0.06425609439611435,0.0734667181968689
2339221,0.06318588554859161,0.07426644116640091
2339241,0.0612691268324852,0.07379952818155289
2339261,0.059181489050388336,0.07385299354791641
2339281,0.06609605997800827,0.07685548067092896
2339301,0.06558305025100708,0.0777963399887085
2339321,0.06764082610607147,0.07921943813562393
2339341,0.0693887248635292,0.0799855962395668
2339361,0.07368719577789307,0.08013811707496643
2339381,0.07847823947668076,0.0783563107252121
2339401,0.07247548550367355,0.08014190196990967
2339421,0.07070866227149963,0.08148728311061859
2339441,0.06817442923784256,0.08191092312335968
2339461,0.06712234020233154,0.08254367858171463
2339481,0.06680748611688614,0.08235853165388107
2339501,0.06508651375770569,0.08377517014741898
2339521,0.06804816424846649,0.08651303499937057
2339541,0.0732240080833435,0.088128961622715
2339561,0.07281128317117691,0.0873933807015419
2339581,0.07602091133594513,0.08343484997749329
2339601,0.07323113828897476,0.08662756532430649
2339621,0.07007322460412979,0.08693590760231018
2339641,0.06532678008079529,0.089981310069561
2339661,0.06389893591403961,0.09154423326253891
2339681,0.06374643743038177,0.09082762151956558
2339701,0.0704309418797493,0.09092485904693604
2339721,0.06910121440887451,0.09030184894800186
2339741,0.07405292987823486,0.09088996052742004
2339761,0.0758458748459816,0.08983813971281052
2339781,0.07824580371379852,0.08885859698057175
2339801,0.08037414401769638,0.08837967365980148
2339821,0.08095484226942062,0.08772438019514084
2339841,0.07744847983121872,0.08674626052379608
2339861,0.07629674673080444,0.08698755502700806
2339881,0.07563318312168121,0.0869029313325882
2339901,0.07331366091966629,0.08976220339536667
2339921,0.07787061482667923,0.09195324778556824
2339941,0.07632265985012054,0.09045121818780899
2339961,0.077218197286129,0.09210148453712463
2339981,0.07998473942279816,0.09048381447792053
2340001,0.08364532887935638,0.08768566697835922
2340021,0.08320216834545135,0.08864644169807434
2340041,0.08258745819330215,0.09176275879144669
2340061,0.07934726029634476,0.08914730697870255
2340081,0.07513382285833359,0.08788614720106125
2340101,0.07207304239273071,0.09117896109819412
2340121,0.06775657087564468,0.09014134854078293
2340141,0.06637870520353317,0.0899902954697609
2340161,0.06673964858055115,0.09292760491371155
2340181,0.06868938356637955,0.09010029584169388
2340201,0.07063312083482742,0.09257792681455612
2340221,0.07335641980171204,0.09259409457445145
2340241,0.0731763243675232,0.09588244557380676
2340261,0.07475615292787552,0.09487064927816391
2340281,0.07409370690584183,0.0962047129869461
2340301,0.07148046791553497,0.09574857354164124
2340321,0.06905274838209152,0.09655670076608658
2340341,0.06598986685276031,0.10168477147817612
2340361,0.06691483408212662,0.10457456856966019
2340381,0.06801734119653702,0.10369569808244705
2340401,0.06953930854797363,0.10367164760828018
2340421,0.07083550095558167,0.1011161208152771
2340441,0.07512032985687256,0.10235820710659027
2340461,0.07353843003511429,0.10068592429161072
2340481,0.07310078293085098,0.0990794450044632
2340501,0.07423770427703857,0.0990234911441803
2340521,0.06994326412677765,0.09744391590356827
2340541,0.06682831048965454,0.09884963184595108
2340561,0.06208086386322975,0.09839682281017303
2340581,0.06269291043281555,0.09684323519468307
2340601,0.06178363040089607,0.0957292914390564
2340621,0.06272874772548676,0.09551015496253967
2340641,0.06604530662298203,0.09085813909769058
2340661,0.06801481544971466,0.09408726543188095
2340681,0.07093535363674164,0.09307478368282318
2340701,0.07144220173358917,0.09030266106128693
2340721,0.06885606050491333,0.09184183180332184
2340741,0.06525938212871552,0.09278038144111633
2340761,0.06320930272340775,0.0922604575753212
2340781,0.0632910206913948,0.09225254505872726
2340801,0.062407173216342926,0.0918220803141594
2340821,0.06400910019874573,0.08987126499414444
2340841,0.06383993476629257,0.08644590526819229
2340861,0.06957853585481644,0.08779556304216385
2340881,0.06948652118444443,0.0851864367723465
2340901,0.07192263752222061,0.08551241457462311
2340921,0.0712997242808342,0.0862121433019638
2340941,0.06871519982814789,0.08276574313640594
2340961,0.06841886043548584,0.08214712888002396
2340981,0.06396572291851044,0.08638791739940643
2341001,0.059476591646671295,0.08716629445552826
2341021,0.060300130397081375,0.08512547612190247
2341041,0.05881824716925621,0.08638826012611389
2341061,0.060752272605895996,0.08193586021661758
2341081,0.061873774975538254,0.08208704739809036
2341101,0.060193974524736404,0.08246352523565292
2341121,0.06385970860719681,0.08109807968139648
2341141,0.06425854563713074,0.08328553289175034
2341161,0.06595942378044128,0.08187901228666306
2341181,0.06350784748792648,0.08548901230096817
2341201,0.06232437863945961,0.0885712131857872
2341221,0.05945109948515892,0.09061075001955032
2341241,0.05829233303666115,0.09237959235906601
2341261,0.0599067360162735,0.08874770998954773
2341281,0.06416847556829453,0.08928346633911133
2341301,0.0664801150560379,0.09097439795732498
2341321,0.06768741458654404,0.0911443680524826
2341341,0.06840206682682037,0.09141744673252106
2341361,0.0711505189538002,0.09185899794101715
2341381,0.07420876622200012,0.09286826848983765
2341401,0.07134174555540085,0.09672648459672928
2341421,0.06753800809383392,0.09784312546253204
2341441,0.06741195172071457,0.10040523111820221
2341461,0.0634489506483078,0.09973016381263733
2341481,0.05965213105082512,0.09644658118486404
2341501,0.06116895377635956,0.0961444228887558
2341521,0.0614154152572155,0.09769834578037262
2341541,0.06382160633802414,0.09658807516098022
2341561,0.063661590218544,0.09627365320920944
2341581,0.06481125205755234,0.09469703584909439
2341601,0.06353636085987091,0.09441046416759491
2341621,0.06153269484639168,0.09438496828079224
2341641,0.05902343615889549,0.09314295649528503
2341661,0.05731319263577461,0.09244577586650848
2341681,0.057530906051397324,0.08974018692970276
2341701,0.06345760077238083,0.0889776200056076
2341721,0.06615042686462402,0.09384625405073166
2341741,0.066240094602108,0.09133947640657425
2341761,0.06865942478179932,0.09032747149467468
2341781,0.06937849521636963,0.09136227518320084
2341801,0.07315956801176071,0.08775258809328079
2341821,0.07055334001779556,0.08887428790330887
2341841,0.06792639940977097,0.08733658492565155
2341861,0.0676531195640564,0.08627444505691528
2341881,0.0649876520037651,0.08549682796001434
2341901,0.062074437737464905,0.08398356288671494
2341921,0.06348241120576859,0.08668363839387894
2341941,0.05993354320526123,0.08502200990915298
2341961,0.061102841049432755,0.08667569607496262
2341981,0.06181196868419647,0.08623064309358597
2342001,0.06478307396173477,0.08472852408885956
2342021,0.06970459222793579,0.08662663400173187
2342041,0.0659150779247284,0.09146854281425476
2342061,0.06470845639705658,0.09366007894277573
2342081,0.061167147010564804,0.09297766536474228
2342101,0.05846112594008446,0.0942688062787056
2342121,0.06215348467230797,0.09382935613393784
2342141,0.06293803453445435,0.0953950509428978
2342161,0.06169368326663971,0.09450599551200867
2342181,0.0618487149477005,0.09272874146699905
2342201,0.06340347975492477,0.09329564869403839
2342221,0.07203763723373413,0.09086450934410095
2342241,0.07399547845125198,0.09258320927619934
2342261,0.07237369567155838,0.09134311974048615
2342281,0.0697128176689148,0.09114272892475128
2342301,0.06979060918092728,0.09443271905183792
2342321,0.06642252951860428,0.09428596496582031
2342341,0.06829509139060974,0.09219996631145477
2342361,0.06826372444629669,0.09216278791427612
2342381,0.0702604353427887,0.09372544288635254
2342401,0.07235340774059296,0.09434337168931961
2342421,0.07487431913614273,0.08842205256223679
2342441,0.07710003852844238,0.09045688062906265
2342461,0.07451586425304413,0.08965642005205154
2342481,0.07329002022743225,0.0900864526629448
2342501,0.07312224805355072,0.09209759533405304
2342521,0.06986010074615479,0.0944841057062149
2342541,0.06929107755422592,0.09717967361211777
2342561,0.07149995118379593,0.0989823266863823
2342581,0.07459309697151184,0.0988493412733078
2342601,0.0761200413107872,0.09749430418014526
2342621,0.07725889980792999,0.09610965847969055
2342641,0.075270876288414,0.09203646332025528
2342661,0.07739687711000443,0.09002458304166794
2342681,0.08145850151777267,0.08891052007675171
2342701,0.08353185653686523,0.08919181674718857
2342721,0.07987825572490692,0.09104274958372116
2342741,0.07849489897489548,0.08904685080051422
2342761,0.07473041862249374,0.0852058008313179
2342781,0.06873070448637009,0.08607811480760574
2342801,0.07233132421970367,0.08569958806037903
2342821,0.0729014128446579,0.08421365916728973
2342841,0.07207531481981277,0.08338121324777603
2342861,0.07830864191055298,0.08441587537527084
2342881,0.07751249521970749,0.08580512553453445
2342901,0.0773753970861435,0.08577235788106918
2342921,0.074068084359169,0.08793213963508606
2342941,0.07386629283428192,0.08611410856246948
2342961,0.07216272503137589,0.08311305195093155
2342981,0.06978945434093475,0.08501479774713516
2343001,0.07179994136095047,0.08462991565465927
2343021,0.07146593183279037,0.08543595671653748
2343041,0.0737810879945755,0.08559281378984451
2343061,0.0763200893998146,0.0844700038433075
2343081,0.0818738341331482,0.08587884902954102
2343101,0.08118989318609238,0.08470363914966583
2343121,0.07999547570943832,0.08823717385530472
2343141,0.07721138745546341,0.09232615679502487
2343161,0.07535906136035919,0.09368257969617844
2343181,0.07250567525625229,0.09663847088813782
2343201,0.06904222071170807,0.0991073027253151
2343221,0.07377539575099945,0.09783847630023956
2343241,0.0741557851433754,0.09638112038373947
2343261,0.07328677922487259,0.0964074581861496
2343281,0.0775151476264,0.09179088473320007
2343301,0.0789942741394043,0.09189209342002869
2343321,0.07851237803697586,0.09262808412313461
2343341,0.07578958570957184,0.09442301094532013
2343361,0.07287085801362991,0.09165435284376144
2343381,0.06941282004117966,0.08902427554130554
2343401,0.06682321429252625,0.09085725247859955
2343421,0.06337900459766388,0.09059672802686691
2343441,0.059808097779750824,0.09181728214025497
2343461,0.06381368637084961,0.09160207211971283
2343481,0.06551309674978256,0.09224089235067368
2343501,0.06817322969436646,0.0905909463763237
2343521,0.06855038553476334,0.09112425893545151
2343541,0.07053635269403458,0.08979855477809906
2343561,0.07146897166967392,0.08974752575159073
2343581,0.0656498372554779,0.09134059399366379
2343601,0.0645623728632927,0.09087243676185608
2343621,0.06129749119281769,0.09288180619478226
2343641,0.05775456503033638,0.09546812623739243
2343661,0.06275299191474915,0.09390319138765335
2343681,0.06150028482079506,0.0928228422999382
2343701,0.06428670138120651,0.09494596719741821
2343721,0.06726531684398651,0.0945466011762619
2343741,0.06992371380329132,0.0944242924451828
2343761,0.07311857491731644,0.09159912914037704
2343781,0.07308480888605118,0.091099314391613
2343801,0.07501337677240372,0.08567075431346893
2343821,0.07114094495773315,0.08848417550325394
2343841,0.06930411607027054,0.08973818272352219
2343861,0.06380387395620346,0.08954725414514542
2343881,0.06328774243593216,0.08892258256673813
2343901,0.06480680406093597,0.087660051882267
2343921,0.07089684158563614,0.08570104092359543
2343941,0.07074509561061859,0.08584864437580109
2343961,0.07276351004838943,0.08738256990909576
2343981,0.07314714789390564,0.08336783200502396
2344001,0.07483109831809998,0.0822957307100296
2344021,0.07045091688632965,0.08026072382926941
2344041,0.06630817800760269,0.08050031960010529
2344061,0.06539969146251678,0.08158614486455917
2344081,0.06173377484083176,0.08227258920669556
2344101,0.061877135187387466,0.0839393138885498
2344121,0.06745358556509018,0.08058764785528183
2344141,0.06614476442337036,0.08339062333106995
2344161,0.06447914242744446,0.08512803167104721
2344181,0.06829655170440674,0.08511185646057129
2344201,0.06951351463794708,0.08367783576250076
2344221,0.07060106843709946,0.08462493866682053
2344241,0.07568759471178055,0.08459695428609848
2344261,0.07172830402851105,0.08326773345470428
2344281,0.07132532447576523,0.08305174112319946
2344301,0.07307709008455276,0.08333795517683029
2344321,0.07627995312213898,0.08473760634660721
2344341,0.08156125992536545,0.08386602252721786
